,trainer/global_step,val_loss/add_in_dist,val_loss/add_ood_8digit,val_loss/add_ood_10digit,val_loss/add_ood_11digit,val_acc/add_in_dist,val_acc/add_ood_8digit,val_acc/add_ood_10digit,val_acc/add_ood_11digit
0,3999,1.3074015378952026,1.5980896949768066,2.0794565677642822,2.301715850830078,0.0,0.0,0,0
1,7999,0.8440794944763184,1.4485565423965454,1.8045190572738647,2.010829210281372,0.1899999976158142,0.0,0,0
2,11999,0.6136923432350159,1.2720756530761719,2.299628257751465,2.992488384246826,0.28999999165534973,0.0,0,0
3,15999,0.22238798439502716,1.8152709007263184,3.8939414024353027,4.9123921394348145,0.5400000214576721,0.0,0,0
4,19999,0.08510636538267136,1.9021481275558472,4.403903484344482,6.030750274658203,0.8100000023841858,0.0,0,0
5,23999,0.050817083567380905,1.5907635688781738,3.393113374710083,5.016968250274658,0.8399999737739563,0.0,0,0
6,27999,0.020460546016693115,0.39246097207069397,4.750309944152832,7.163388252258301,0.8600000143051147,0.20000000298023224,0,0
7,31999,0.0047376276925206184,0.6673262715339661,4.581929683685303,7.644570350646973,0.9300000071525574,0.23000000417232513,0,0
