,trainer/global_step,val_loss/add_in_dist,val_loss/ali_in_dist,val_loss/car_in_dist,val_loss/mad_in_dist,val_loss/rev_in_dist,val_loss/add_ood_8digit,val_loss/ali_ood_8digit,val_loss/car_ood_8digit,val_loss/mad_ood_8digit,val_loss/rev_ood_8digit,val_loss/add_ood_10digit,val_loss/add_ood_11digit,val_loss/ali_ood_10digit,val_loss/ali_ood_11digit,val_loss/car_ood_10digit,val_loss/car_ood_11digit,val_loss/mad_ood_10digit,val_loss/mad_ood_11digit,val_loss/rev_ood_10digit,val_loss/rev_ood_11digit,val_acc/add_in_dist,val_acc/ali_in_dist,val_acc/car_in_dist,val_acc/mad_in_dist,val_acc/rev_in_dist,val_acc/add_ood_8digit,val_acc/ali_ood_8digit,val_acc/car_ood_8digit,val_acc/mad_ood_8digit,val_acc/rev_ood_8digit,val_acc/add_ood_10digit,val_acc/add_ood_11digit,val_acc/ali_ood_10digit,val_acc/ali_ood_11digit,val_acc/car_ood_10digit,val_acc/car_ood_11digit,val_acc/mad_ood_10digit,val_acc/mad_ood_11digit,val_acc/rev_ood_10digit,val_acc/rev_ood_11digit
0,1999,1.7815874814987183,0.03142613545060158,0.48530077934265137,1.7217251062393188,0.12499196827411652,2.0859663486480713,0.398349404335022,0.6180897951126099,2.043177604675293,0.17233999073505402,2.3138952255249023,2.420785427093506,0.784209132194519,1.5333179235458374,0.8724188804626465,0.9988111257553101,2.3336150646209717,2.4641754627227783,0.29952239990234375,1.0489040613174438,0.0,0.8299999833106995,0.1899999976158142,0.0,0.5199999809265137,0.0,0.009999999776482582,0.05000000074505806,0.0,0.33000001311302185,0,0,0,0,0.0,0.009999999776482582,0.0,0,0.18000000715255737,0
1,3999,0.14164450764656067,8.926269947551191e-05,0.18522502481937408,0.0706985741853714,0.029535554349422455,0.22133152186870575,0.40558922290802,0.03005059063434601,0.06904827803373337,0.07203636318445206,0.7367594242095947,1.3983882665634155,0.47344139218330383,1.320344090461731,0.22358757257461548,0.7886788249015808,0.45163577795028687,1.875076413154602,0.18727214634418488,2.4504411220550537,0.6800000071525574,1.0,0.7699999809265137,0.8600000143051147,0.8500000238418579,0.38999998569488525,0.07999999821186066,0.8100000023841858,0.8299999833106995,0.6399999856948853,0,0,0,0,0.3400000035762787,0.019999999552965164,0.11999999731779099,0,0.2199999988079071,0
