,trainer/global_step,val_loss/add_in_dist,val_loss/ali_in_dist,val_loss/car_in_dist,val_loss/mad_in_dist,val_loss/rev_in_dist,val_loss/add_ood_8digit,val_loss/ali_ood_8digit,val_loss/car_ood_8digit,val_loss/mad_ood_8digit,val_loss/rev_ood_8digit,val_loss/add_ood_10digit,val_loss/add_ood_11digit,val_loss/ali_ood_10digit,val_loss/ali_ood_11digit,val_loss/car_ood_10digit,val_loss/car_ood_11digit,val_loss/mad_ood_10digit,val_loss/mad_ood_11digit,val_loss/rev_ood_10digit,val_loss/rev_ood_11digit,val_acc/add_in_dist,val_acc/ali_in_dist,val_acc/car_in_dist,val_acc/mad_in_dist,val_acc/rev_in_dist,val_acc/add_ood_8digit,val_acc/ali_ood_8digit,val_acc/car_ood_8digit,val_acc/mad_ood_8digit,val_acc/rev_ood_8digit,val_acc/add_ood_10digit,val_acc/add_ood_11digit,val_acc/ali_ood_10digit,val_acc/ali_ood_11digit,val_acc/car_ood_10digit,val_acc/car_ood_11digit,val_acc/mad_ood_10digit,val_acc/mad_ood_11digit,val_acc/rev_ood_10digit,val_acc/rev_ood_11digit
0,2027,1.8447296619415283,0.028296904638409615,0.2929399013519287,1.808618426322937,0.06770674884319305,2.204237222671509,0.4948914051055908,0.3998253345489502,2.3103249073028564,0.17373399436473846,2.278920888900757,2.3862357139587402,0.9772992730140686,1.8642032146453857,0.4826085567474365,0.534731924533844,2.3433279991149902,2.402991533279419,0.3737352788448334,0.9427288770675659,0.0,0.8199999928474426,0.3400000035762787,0.0,0.6600000262260437,0.0,0.0,0.05999999865889549,0.0,0.30000001192092896,0.0,0,0,0,0.05999999865889549,0.009999999776482582,0.0,0,0.05999999865889549,0
1,4055,0.3257320523262024,2.406466956017539e-05,0.016351398080587387,0.06482194364070892,0.05973181128501892,0.7518356442451477,0.2240758091211319,0.026585176587104797,0.2157183438539505,0.08750235289335251,1.4087262153625488,3.2764358520507812,1.1707358360290527,2.2471981048583984,0.32575228810310364,1.3823676109313965,0.7113229632377625,2.854480266571045,0.3576217591762543,3.209676504135132,0.5699999928474426,1.0,0.8999999761581421,0.8399999737739563,0.7699999809265137,0.07999999821186066,0.09000000357627869,0.8399999737739563,0.49000000953674316,0.6000000238418579,0.009999999776482582,0,0,0,0.25999999046325684,0.0,0.019999999552965164,0,0.1599999964237213,0
