,trainer/global_step,val_loss/add_in_dist,val_loss/add_ood_8digit,val_loss/add_ood_10digit,val_loss/add_ood_11digit,val_acc/add_in_dist,val_acc/add_ood_8digit,val_acc/add_ood_10digit,val_acc/add_ood_11digit
0,3999,1.2159618139266968,1.4983758926391602,1.880871295928955,2.1018896102905273,0.009999999776482582,0.0,0,0
1,7999,0.1535295695066452,0.31210988759994507,1.7410500049591064,2.154372453689575,0.6000000238418579,0.17000000178813934,0,0
2,11999,0.015165580436587334,0.09588446468114853,3.0807290077209473,4.6930437088012695,0.9599999785423279,0.5899999737739563,0,0
3,15999,0.0017337469616904855,0.011208188720047474,4.550138473510742,7.318665027618408,0.9800000190734863,0.8999999761581421,0,0
4,19999,0.005096156150102615,0.19770239293575287,3.5851192474365234,4.722169399261475,0.9900000095367432,0.49000000953674316,0,0
5,23999,0.002107755048200488,0.2835965156555176,3.7256076335906982,3.892116069793701,0.9900000095367432,0.3199999928474426,0,0
6,27999,0.00026271736714988947,0.14872975647449493,4.037328720092773,4.786872863769531,0.9900000095367432,0.6000000238418579,0,0
7,31999,1.1440416528785136e-05,0.2010791003704071,3.7948410511016846,4.388549327850342,1.0,0.3400000035762787,0,0
