,trainer/global_step,val_loss/add_in_dist,val_loss/add_ood_8digit,val_loss/add_ood_10digit,val_loss/add_ood_11digit,val_acc/add_in_dist,val_acc/add_ood_8digit,val_acc/add_ood_10digit,val_acc/add_ood_11digit
0,3999,1.1778111457824707,1.4967637062072754,1.706336259841919,1.8347938060760498,0.009999999776482582,0.0,0,0
1,7999,0.48681753873825073,1.0103764533996582,1.2640700340270996,1.3877651691436768,0.3499999940395355,0.0,0,0
2,11999,0.3115679621696472,0.7732108235359192,1.106398105621338,1.5523896217346191,0.5699999928474426,0.0,0,0
3,15999,0.22290834784507751,0.5550330877304077,0.8759648203849792,1.272244930267334,0.5199999809265137,0.0,0,0
4,19999,0.009821977466344833,0.11037401109933853,1.3700488805770874,1.7833802700042725,0.8700000047683716,0.5899999737739563,0,0
5,23999,0.004424116108566523,0.05375726521015167,2.227083206176758,3.488064765930176,0.9900000095367432,0.7300000190734863,0,0
6,27999,0.0008361029904335737,0.06979156285524368,2.237762689590454,3.5034706592559814,1.0,0.6200000047683716,0,0
7,31999,0.0011439051013439894,0.030002843588590622,2.218228816986084,3.297332763671875,0.9900000095367432,0.8199999928474426,0,0
