,trainer/global_step,val_loss/add_in_dist,val_loss/add_ood_8digit,val_loss/add_ood_10digit,val_loss/add_ood_11digit,val_acc/add_in_dist,val_acc/add_ood_8digit,val_acc/add_ood_10digit,val_acc/add_ood_11digit
0,3999,1.195853352546692,2.128899335861206,2.4020862579345703,2.61708927154541,0.10000000149011612,0,0,0
1,7999,1.5493381023406982,3.463070869445801,5.254400253295898,6.199214458465576,0.2800000011920929,0,0,0
2,11999,1.6213836669921875,4.194995403289795,5.612298965454102,6.5740156173706055,0.33000001311302185,0,0,0
3,15999,1.9966965913772583,4.523184299468994,5.5256757736206055,6.467921257019043,0.20999999344348907,0,0,0
