,trainer/global_step,val_loss/add_in_dist,val_loss/add_ood_8digit,val_loss/add_ood_10digit,val_loss/add_ood_11digit,val_acc/add_in_dist,val_acc/add_ood_8digit,val_acc/add_ood_10digit,val_acc/add_ood_11digit
0,3999,1.1604652404785156,1.491126537322998,1.6530665159225464,1.714847207069397,0.029999999329447746,0.0,0,0
1,7999,0.6796998381614685,1.1197729110717773,1.3423874378204346,1.4640253782272339,0.20000000298023224,0.0,0,0
2,11999,0.39923015236854553,0.9534456133842468,1.2004450559616089,1.2980767488479614,0.3700000047683716,0.0,0,0
3,15999,0.28654614090919495,0.7652931809425354,1.0215158462524414,1.1438766717910767,0.5299999713897705,0.0,0,0
4,19999,0.3028814494609833,0.6698034405708313,0.9997594952583313,1.2871986627578735,0.49000000953674316,0.0,0,0
5,23999,0.13838711380958557,0.5507394075393677,0.855022132396698,1.0483230352401733,0.75,0.0,0,0
6,27999,0.15075108408927917,0.4763840138912201,0.7964096665382385,0.991376519203186,0.699999988079071,0.009999999776482582,0,0
7,31999,0.11958248168230057,0.2804264724254608,0.6603986620903015,1.002611517906189,0.7599999904632568,0.07999999821186066,0,0
