,trainer/global_step,val_loss/add_in_dist,val_loss/ali_in_dist,val_loss/car_in_dist,val_loss/mad_in_dist,val_loss/rev_in_dist,val_loss/add_ood_8digit,val_loss/ali_ood_8digit,val_loss/car_ood_8digit,val_loss/mad_ood_8digit,val_loss/rev_ood_8digit,val_loss/add_ood_10digit,val_loss/add_ood_11digit,val_loss/ali_ood_10digit,val_loss/ali_ood_11digit,val_loss/car_ood_10digit,val_loss/car_ood_11digit,val_loss/mad_ood_10digit,val_loss/mad_ood_11digit,val_loss/rev_ood_10digit,val_loss/rev_ood_11digit,val_acc/add_in_dist,val_acc/ali_in_dist,val_acc/car_in_dist,val_acc/mad_in_dist,val_acc/rev_in_dist,val_acc/add_ood_8digit,val_acc/ali_ood_8digit,val_acc/car_ood_8digit,val_acc/mad_ood_8digit,val_acc/rev_ood_8digit,val_acc/add_ood_10digit,val_acc/add_ood_11digit,val_acc/ali_ood_10digit,val_acc/ali_ood_11digit,val_acc/car_ood_10digit,val_acc/car_ood_11digit,val_acc/mad_ood_10digit,val_acc/mad_ood_11digit,val_acc/rev_ood_10digit,val_acc/rev_ood_11digit
0,3999,5.467175483703613,5.887082576751709,4.741020679473877,5.495256423950195,5.516424655914307,5.476440906524658,5.904995918273926,4.709204196929932,5.491199970245361,5.515563488006592,5.484148979187012,5.4836955070495605,5.914830207824707,5.912420272827148,4.6937255859375,4.688776016235352,5.509406566619873,5.501079082489014,5.513214111328125,5.501357555389404,0,0,0,0,0,0,0,0,0,0,0,0,0,0,0,0,0,0,0,0
1,7999,4.3637824058532715,4.831465244293213,3.925882339477539,4.448774337768555,4.489040374755859,4.424240589141846,4.866565704345703,3.9386589527130127,4.4996562004089355,4.510931968688965,4.451625823974609,4.492427825927734,4.884074687957764,4.887478828430176,3.9430112838745117,3.9397614002227783,4.51271915435791,4.534307956695557,4.524291515350342,4.523871898651123,0,0,0,0,0,0,0,0,0,0,0,0,0,0,0,0,0,0,0,0
