,trainer/global_step,val_loss/add_in_dist,val_loss/ali_in_dist,val_loss/car_in_dist,val_loss/mad_in_dist,val_loss/rev_in_dist,val_loss/add_ood_8digit,val_loss/ali_ood_8digit,val_loss/car_ood_8digit,val_loss/mad_ood_8digit,val_loss/rev_ood_8digit,val_loss/add_ood_10digit,val_loss/add_ood_11digit,val_loss/ali_ood_10digit,val_loss/ali_ood_11digit,val_loss/car_ood_10digit,val_loss/car_ood_11digit,val_loss/mad_ood_10digit,val_loss/mad_ood_11digit,val_loss/rev_ood_10digit,val_loss/rev_ood_11digit,val_acc/add_in_dist,val_acc/ali_in_dist,val_acc/car_in_dist,val_acc/mad_in_dist,val_acc/rev_in_dist,val_acc/add_ood_8digit,val_acc/ali_ood_8digit,val_acc/car_ood_8digit,val_acc/mad_ood_8digit,val_acc/rev_ood_8digit,val_acc/add_ood_10digit,val_acc/add_ood_11digit,val_acc/ali_ood_10digit,val_acc/ali_ood_11digit,val_acc/car_ood_10digit,val_acc/car_ood_11digit,val_acc/mad_ood_10digit,val_acc/mad_ood_11digit,val_acc/rev_ood_10digit,val_acc/rev_ood_11digit
0,3999,0.5186241269111633,1.1207231182197575e-05,0.024683229625225067,0.1033611074090004,0.00029371201526373625,0.6750046610832214,1.7030321032507345e-05,0.05830495059490204,0.22677525877952576,0.0007370002567768097,0.9820785522460938,1.0851564407348633,0.12439306080341339,0.935903012752533,0.13809067010879517,0.16065408289432526,0.6219401359558105,0.7629059553146362,0.004578674212098122,0.3699754774570465,0.11999999731779099,1,0.8299999833106995,0.6700000166893005,1,0.0,1,0.6600000262260437,0.1599999964237213,1,0.0,0,0.05000000074505806,0,0.20999999344348907,0.14000000059604645,0.0,0,0.9300000071525574,0.009999999776482582
1,7999,0.035281069576740265,2.3147169940784806e-06,0.0003833019291050732,0.00043511646799743176,9.934781701304018e-05,0.04890090972185135,1.011255426419666e-05,0.0006451269728131592,0.0010049286065623164,0.000314720266032964,0.6752569079399109,2.325737714767456,0.420482337474823,1.5011074542999268,0.11080694943666458,0.8795129656791687,0.5180572271347046,2.255103826522827,0.014874604530632496,2.5350775718688965,0.8199999928474426,1,1.0,0.9900000095367432,1,0.6899999976158142,1,1.0,0.9900000095367432,1,0.03999999910593033,0,0.0,0,0.4399999976158142,0.03999999910593033,0.03999999910593033,0,0.8799999952316284,0.0
