,trainer/global_step,val_loss/add_in_dist,val_loss/add_ood_8digit,val_loss/add_ood_10digit,val_loss/add_ood_11digit,val_acc/add_in_dist,val_acc/add_ood_8digit,val_acc/add_ood_10digit,val_acc/add_ood_11digit
0,3999,1.0292195081710815,1.3455549478530884,1.5212903022766113,1.5993294715881348,0.009999999776482582,0.0,0.0,0
1,7999,0.5958917737007141,0.9982196688652039,1.223442554473877,1.353271484375,0.23000000417232513,0.0,0.0,0
2,11999,0.23868049681186676,0.5457378029823303,0.8487167954444885,0.9884494543075562,0.5799999833106995,0.019999999552965164,0.0,0
3,15999,0.06622552871704102,0.1745721846818924,0.5439722537994385,1.2235572338104248,0.8100000023841858,0.23000000417232513,0.009999999776482582,0
4,19999,0.0009203046793118119,0.9494926929473877,3.0153462886810303,4.0466718673706055,0.9900000095367432,0.019999999552965164,0.0,0
5,23999,0.00012212072033435106,0.696082592010498,4.224401473999023,6.3727216720581055,1.0,0.029999999329447746,0.0,0
6,27999,3.817357537627686e-06,0.7269470691680908,4.041872501373291,5.4741129875183105,1.0,0.03999999910593033,0.0,0
7,31999,2.1839574401383288e-05,0.7471650838851929,4.017290115356445,5.581396579742432,1.0,0.0,0.0,0
